<application>
  <component name="CodeFoldingSettings">
    <option name="COLLAPSE_IMPORTS" value="false" />
    <option name="COLLAPSE_FILE_HEADER" value="false" />
  </component>
  <component name="CodeInsightSettings">
    <option name="AUTO_POPUP_JAVADOC_INFO" value="true" />
    <option name="HIGHLIGHT_SCOPE" value="true" />
    <EXCLUDED_PACKAGE NAME="sun.util" />
  </component>
  <component name="DefaultFont">
    <option name="FONT_SIZE" value="15" />
    <option name="FONT_FAMILY" value="Hack" />
  </component>
  <component name="EditorSettings">
    <option name="SOFT_WRAP_FILE_MASKS" value="*.md; *.txt; *.rst; *.adoc" />
    <option name="IS_ENSURE_NEWLINE_AT_EOF" value="true" />
    <option name="IS_WHITESPACES_SHOWN" value="true" />
  </component>
  <component name="KubernetesFoldingSettings">
    <option name="COLLAPSE_HELM_VALUES" value="false" />
    <option name="COLLAPSE_ENV_VARS" value="false" />
    <option name="COLLAPSE_EXEC_ACTIONS" value="false" />
  </component>
  <component name="SqlFoldingSettings">
    <option name="COLLAPSE_LONG_NUMBERS" value="false" />
  </component>
  <component name="XmlFoldingSettings">
    <option name="COLLAPSE_DATA_URI" value="false" />
  </component>
</application>