<code_scheme name="Default" version="173">
  <JavaCodeStyleSettings>
    <option name="USE_EXTERNAL_ANNOTATIONS" value="true" />
  </JavaCodeStyleSettings>
  <JetCodeStyleSettings>
    <option name="PACKAGES_TO_USE_STAR_IMPORTS">
      <value>
        <package name="kotlinx.android.synthetic" withSubpackages="true" static="false" />
      </value>
    </option>
    <option name="NAME_COUNT_TO_USE_STAR_IMPORT" value="2147483647" />
    <option name="NAME_COUNT_TO_USE_STAR_IMPORT_FOR_MEMBERS" value="2147483647" />
    <option name="CODE_STYLE_DEFAULTS" value="KOTLIN_OFFICIAL" />
  </JetCodeStyleSettings>
  <PostgresCodeStyleSettings version="2">
    <option name="KEYWORD_CASE" value="1" />
  </PostgresCodeStyleSettings>
  <ScalaCodeStyleSettings>
    <option name="alwaysUsedImports">
      <array>
        <option value="com.evolutiongaming.IdFormats._" />
        <option value="com.evolutiongaming.util.JsonFormats.FiniteDurationFormat" />
        <option value="com.evolutiongaming.util.JsonFormats._" />
      </array>
    </option>
    <option name="ALIGN_IN_COLUMNS_CASE_BRANCH" value="true" />
  </ScalaCodeStyleSettings>
  <TypeScriptCodeStyleSettings version="0">
    <option name="SPACES_WITHIN_OBJECT_LITERAL_BRACES" value="true" />
    <option name="SPACES_WITHIN_IMPORTS" value="true" />
  </TypeScriptCodeStyleSettings>
  <yaml>
    <option name="INDENT_SEQUENCE_VALUE" value="false" />
  </yaml>
  <codeStyleSettings language="Scala">
    <option name="LINE_COMMENT_AT_FIRST_COLUMN" value="false" />
    <option name="BLOCK_COMMENT_AT_FIRST_COLUMN" value="false" />
    <option name="BLANK_LINES_BEFORE_IMPORTS" value="0" />
    <option name="BLANK_LINES_AROUND_CLASS" value="0" />
    <option name="ALIGN_MULTILINE_PARAMETERS" value="false" />
  </codeStyleSettings>
  <codeStyleSettings language="kotlin">
    <option name="CODE_STYLE_DEFAULTS" value="KOTLIN_OFFICIAL" />
  </codeStyleSettings>
</code_scheme>