<keymap version="1" name="Default for XWin (Customized)" parent="Default for XWin">
  <action id="$LRU">
    <keyboard-shortcut first-keystroke="alt o" />
  </action>
  <action id="ActivateServicesToolWindow">
    <keyboard-shortcut first-keystroke="alt 3" />
    <keyboard-shortcut first-keystroke="alt 8" />
  </action>
  <action id="Back">
    <mouse-shortcut keystroke="button4" />
    <keyboard-shortcut first-keystroke="alt left" />
  </action>
  <action id="CloseContent">
    <keyboard-shortcut first-keystroke="ctrl f4" />
    <keyboard-shortcut first-keystroke="alt q" />
  </action>
  <action id="Diff.NextChange" />
  <action id="Diff.PrevChange" />
  <action id="Editor LRU">
    <keyboard-shortcut first-keystroke="alt o" />
  </action>
  <action id="EditorContextInfo" />
  <action id="ExportToTextFile" />
  <action id="Forward">
    <mouse-shortcut keystroke="button5" />
    <keyboard-shortcut first-keystroke="alt right" />
  </action>
  <action id="NextSplitter">
    <keyboard-shortcut first-keystroke="ctrl alt right" />
  </action>
  <action id="NextTab" />
  <action id="PrevSplitter">
    <keyboard-shortcut first-keystroke="ctrl alt left" />
  </action>
  <action id="PreviousTab" />
  <action id="ProjectViewChangeView" />
  <action id="Scala.ShowImplicits">
    <keyboard-shortcut first-keystroke="shift ctrl alt equals" />
    <keyboard-shortcut first-keystroke="shift ctrl alt add" />
  </action>
  <action id="SelectIn">
    <keyboard-shortcut first-keystroke="alt f2" />
  </action>
  <action id="SelectInProjectView">
    <keyboard-shortcut first-keystroke="alt f1" />
  </action>
  <action id="SplitVertically">
    <keyboard-shortcut first-keystroke="alt v" />
  </action>
  <action id="WebOpenInAction" />
</keymap>